Workbook

Sheet Question 1
B2: STAGE 1 (Data Cleaning) | E2: We are a part of XYZ Co Pvt Ltd company who is in the business of organizing the sports events at international level. Countries nominate sportsmen from different departments and our team has been given the responsibility to systematize the membership roster and generate different reports as per business requirements.
C5: SHEET | D5: COLUMN | E5: TASK
B6: S No | C6: TASK 1: STANDARDIZING THE DATASET
B7: 1 | C7: SPORTSMEN | D7: Col B | E7: Populate the FULLNAME consisting of the following fields ONLY, in the prescribed format: PREFIX FIRSTNAME LASTNAME. (Note: All UPPERCASE)
B8: 2 | C8: SPORTSMEN | D8: Col K | E8: Get the COUNTRY NAME to which these sportsmen belong to. Make use of LOCATION sheet to get the required data
B9: 3 | C9: SPORTSMEN | D9: Col L | E9: Populate the LANGUAGE spoken by the sportsmen. Make use of LOCATION sheet to get the required data
B10: 4 | C10: SPORTSMEN | D10: Col M | E10: Generate the EMAIL ADDRESS for those members, who speak English, in the prescribed format : lastname.firstname@xyz.org (Note: All lowercase) and for all other members, format should be lastname.firstname@xyz.com (Note: All lowercase)
B11: 5 | C11: SPORTSMEN | D11: Col Q | E11: Populate the SPORT LOCATION of the sport played by each player. Make use of SPORT sheet to get the required data
B13: S No | C13: TASK 2: DATA FORMATTING
B14: 1 | C14: SPORTSMEN | D14: Col A | E14: Display MEMBER ID as always 3 digit number (Note: 001, 002…, 020,… etc)
B15: 2 | C15: SPORTSMEN | D15: Col G | E15: Format the BIRTHDATE as dd mmm' yyyy (Prescribed format example: 09 May' 1986)
B16: 3 | C16: SPORTSMEN | D16: Col N | E16: Display the units for the WEIGHT column (Prescribed format example: 80 kg)
B17: 4 | C17: SPORTSMEN | D17: Col S | E17: Format the SALARY to show the data in thousands. If SALARY is less than 100,000 then display data with 2 decimal places else display data with one decimal place. In both cases units should be thousands (k) e.g. 87670 --> 87.67 k and 123250 --> 123.2 k

Sheet Question 2
B2: STAGE 2 (Data Analysis) | E2: We are a part of XYZ Co Pvt Ltd company who is in the business of organizing the sports events at international level. Countries nominate sportsmen from different departments and our team has been given the responsibility to systematize the membership roster and generate different reports as per business requirements.
B5: Instructions: Make use of data from SPORTSMEN worksheet after attempting Question 1
C6: SHEET | D6: RANGE | E6: TASK
B7: S No | C7: TASK 1: SUMMARIZE DATA - PIVOT TABLE
B8: 1 | C8: ANALYSIS | D8: Range B3 | E8: Create a PIVOT table in the worksheet ANALYSIS, starting at cell B3, with the following details:
B9: 2 | C9: ANALYSIS | E9: In COLUMNS; Group : GENDER.
B10: 3 | C10: ANALYSIS | E10: In ROWS; Group : COUNTRY (Note: use COUNTRY NAMES)
B11: 4 | C11: ANALYSIS | E11: In VALUES; Calculate the count of candidates from each COUNTRY and GENDER type
B12: 5 | C12: ANALYSIS | E12: Remove GRAND TOTALs
B14: S No | C14: TASK 2: SUMMARIZE DATA - EXCEL FUNCTIONS
B15: 1 | C15: ANALYSIS | D15: Range G4 | E15: Create a SUMMARY table in the worksheet ANALYSIS, starting at cell G4, with the following details.
B16: 2 | C16: ANALYSIS | D16: Range H4:I4 | E16: Starting from range RANGE H4; get the distinct GENDER. Use remove duplicates option and transpose the data
B17: 3 | C17: ANALYSIS | D17: Range G5:G16 | E17: Starting from range RANGE G5; get the distinct COUNTRY (Note: use COUNTRY NAMES)
B18: 4 | C18: ANALYSIS | D18: Range H5:I16 | E18: In the cross table, get the count of candidates from each COUNTRY and GENDER type

Sheet Question 3
B2: STAGE 3 (Generate Report) | E2: We are a part of XYZ Co Pvt Ltd company who is in the business of organizing the sports events at international level. Countries nominate sportsmen from different departments and our team has been given the responsibility to systematize the membership roster and generate different reports as per business requirements.
B5: Instructions: Make use of data from SPORTSMEN worksheet after attempting Question 1
C6: SHEET | D6: RANGE | E6: TASK
B7: S No | C7: GENERATE REPORT - PIVOT TABLE
B8: 1 | C8: REPORT | D8: Range A3 | E8: Create a PIVOT table report in the worksheet REPORT, starting at cell A3, with the following information.
B9: 2 | C9: REPORT | E9: Report should contain MEMBER ID, FULL NAME, EMAIL, GENDER, YEAR OF BIRTH (Note: don't display quarters, months and dates), COUNTRY NAME, LANGUAGE and SPORT played by them
B10: 3 | C10: REPORT | E10: Change the report layout to TABULAR form
B11: 4 | C11: REPORT | E11: Remove expand and collapse buttons
B12: 5 | C12: REPORT | E12: Remove GRAND TOTALs
B13: 5 | C13: REPORT | D13: Range A1 | E13: Allow user to filter the data by SPORT LOCATION

Sheet ANALYSIS
B3: Count of MEMBER ID | C3: Column Labels
B4: Row Labels | C4: Female | D4: Male | G4: Countrys | H4: Female | I4: Male
B5: ARGENTINA | C5: 1 | D5: 2 | G5: ARGENTINA | H5: =COUNTIFS(SPORTSMEN!$K$2:$K$51,ANALYSIS!$G5,SPORTSMEN!$I$2:$I$51,ANALYSIS!$H$4) -> 1 | I5: =COUNTIFS(SPORTSMEN!$K$2:$K$51,ANALYSIS!$G5,SPORTSMEN!$I$2:$I$51,ANALYSIS!$I$4) -> 2
B6: AUSTRALIA | C6: 6 | D6: 2 | G6: AUSTRALIA | H6: =COUNTIFS(SPORTSMEN!$K$2:$K$51,ANALYSIS!$G6,SPORTSMEN!$I$2:$I$51,ANALYSIS!$H$4) -> 6 | I6: =COUNTIFS(SPORTSMEN!$K$2:$K$51,ANALYSIS!$G6,SPORTSMEN!$I$2:$I$51,ANALYSIS!$I$4) -> 2
B7: AUSTRIA | C7: 1 | D7: 2 | G7: AUSTRIA | H7: =COUNTIFS(SPORTSMEN!$K$2:$K$51,ANALYSIS!$G7,SPORTSMEN!$I$2:$I$51,ANALYSIS!$H$4) -> 1 | I7: =COUNTIFS(SPORTSMEN!$K$2:$K$51,ANALYSIS!$G7,SPORTSMEN!$I$2:$I$51,ANALYSIS!$I$4) -> 2
B8: BRAZIL | D8: 2 | G8: BRAZIL | H8: =COUNTIFS(SPORTSMEN!$K$2:$K$51,ANALYSIS!$G8,SPORTSMEN!$I$2:$I$51,ANALYSIS!$H$4) -> 0 | I8: =COUNTIFS(SPORTSMEN!$K$2:$K$51,ANALYSIS!$G8,SPORTSMEN!$I$2:$I$51,ANALYSIS!$I$4) -> 2
B9: FRANCE | C9: 3 | D9: 6 | G9: FRANCE | H9: =COUNTIFS(SPORTSMEN!$K$2:$K$51,ANALYSIS!$G9,SPORTSMEN!$I$2:$I$51,ANALYSIS!$H$4) -> 3 | I9: =COUNTIFS(SPORTSMEN!$K$2:$K$51,ANALYSIS!$G9,SPORTSMEN!$I$2:$I$51,ANALYSIS!$I$4) -> 6
B10: GERMANY | C10: 1 | D10: 4 | G10: GERMANY | H10: =COUNTIFS(SPORTSMEN!$K$2:$K$51,ANALYSIS!$G10,SPORTSMEN!$I$2:$I$51,ANALYSIS!$H$4) -> 1 | I10: =COUNTIFS(SPORTSMEN!$K$2:$K$51,ANALYSIS!$G10,SPORTSMEN!$I$2:$I$51,ANALYSIS!$I$4) -> 4
B11: NETHERLANDS | C11: 2 | D11: 1 | G11: NETHERLANDS | H11: =COUNTIFS(SPORTSMEN!$K$2:$K$51,ANALYSIS!$G11,SPORTSMEN!$I$2:$I$51,ANALYSIS!$H$4) -> 2 | I11: =COUNTIFS(SPORTSMEN!$K$2:$K$51,ANALYSIS!$G11,SPORTSMEN!$I$2:$I$51,ANALYSIS!$I$4) -> 1
B12: SPAIN | C12: 3 | G12: SPAIN | H12: =COUNTIFS(SPORTSMEN!$K$2:$K$51,ANALYSIS!$G12,SPORTSMEN!$I$2:$I$51,ANALYSIS!$H$4) -> 3 | I12: =COUNTIFS(SPORTSMEN!$K$2:$K$51,ANALYSIS!$G12,SPORTSMEN!$I$2:$I$51,ANALYSIS!$I$4) -> 0
B13: SWEDEN | C13: 1 | D13: 1 | G13: SWEDEN | H13: =COUNTIFS(SPORTSMEN!$K$2:$K$51,ANALYSIS!$G13,SPORTSMEN!$I$2:$I$51,ANALYSIS!$H$4) -> 1 | I13: =COUNTIFS(SPORTSMEN!$K$2:$K$51,ANALYSIS!$G13,SPORTSMEN!$I$2:$I$51,ANALYSIS!$I$4) -> 1
B14: UK | C14: 3 | D14: 2 | G14: UK | H14: =COUNTIFS(SPORTSMEN!$K$2:$K$51,ANALYSIS!$G14,SPORTSMEN!$I$2:$I$51,ANALYSIS!$H$4) -> 3 | I14: =COUNTIFS(SPORTSMEN!$K$2:$K$51,ANALYSIS!$G14,SPORTSMEN!$I$2:$I$51,ANALYSIS!$I$4) -> 2
B15: USA | C15: 4 | D15: 3 | G15: USA | H15: =COUNTIFS(SPORTSMEN!$K$2:$K$51,ANALYSIS!$G15,SPORTSMEN!$I$2:$I$51,ANALYSIS!$H$4) -> 4 | I15: =COUNTIFS(SPORTSMEN!$K$2:$K$51,ANALYSIS!$G15,SPORTSMEN!$I$2:$I$51,ANALYSIS!$I$4) -> 3
B17: Pivot Table | G17: By Functions

Sheet REPORT
A1: SPORT LOCATION | B1: (All)
A3: MEMBER ID | B3: FULL NAME | C3: EMAIL | D3: GENDER | E3: Years (BIRTHDATE) | F3: COUNTRY NAME | G3: LANGUAGE | H3: SPORTS
A4: 1 | B4: MS.ANNIE ABBOTT | C4: abbott.annie@xyz.org | D4: Female | E4: 1997 | F4: USA | G4: English | H4: Cycling Track
A6: 2 | B6: MS.AURELIE LIESUCHKE | C6: liesuchke.aurelie@xyz.org | D6: Female | E6: 1992 | F6: USA | G6: English | H6: Boxing
A8: 3 | B8: SR.TOMAS FERREIRA FILHO | C8: filho.tomas@xyz.com | D8: Male | E8: 1969 | F8: BRAZIL | G8: Portuguese | H8: Football
A10: 4 | B10: MS.DARBY CRUICKSHANK | C10: cruickshank.darby@xyz.org | D10: Female | E10: 1975
A12: 5 | B12: DR.JAYDON BORER | C12: borer.jaydon@xyz.org | D12: Male | E12: 1970
A14: 6 | B14: MR.MORIAH LYNCH | C14: lynch.moriah @xyz.org | D14: Male | E14: 1992 | F14: USA | G14: English | H14: Fencing
A16: 7 | B16: MS.AMIYA EICHMANN | C16: eichmann.amiya@xyz.org | D16: Female | E16: 1999
A18: 8 | B18: MR.PIERCE RAU | C18: rau.pierce@xyz.org | D18: Male | E18: 1963
A20: 9 | B20: MS.AMELIA STEVENS | C20: stevens.amelia@xyz.org | D20: Female | E20: 1971
A22: 10 | B22: MR.TOBY SIMPSON | C22: simpson.toby@xyz.org | D22: Male | E22: 1964
A24: 11 | B24: SIRETHAN MURPHY | C24: murphy.ethan@xyz.org | D24: Male | E24: 1986
A26: 12 | B26: MRS.ASHLEY WOOD | C26: wood.ashley@xyz.org | D26: Female | E26: 1977
A28: 13 | B28: MS.MEGAN SCOTT | C28: scott.megan@xyz.org | D28: Female | E28: 1977
A30: 14 | B30: HR.HELMUT WEINHAE | C30: weinhae.helmut@xyz.com | D30: Male | E30: 1959
A32: 15 | B32: PROF.MILENA SCHOTIN | C32: schotin.milena@xyz.com | D32: Female | E32: 1965
A34: 16 | B34: HR.LOTHAR BIRNBAUM | C34: birnbaum.lothar@xyz.com | D34: Male | E34: 1969 | F34: GERMANY | G34: German | H34: Alpine Skiing
A36: 17 | B36: HR.PIETRO STOLZE | C36: stolze.pietro@xyz.com | D36: Male | E36: 1972
A38: 18 | B38: HR.RICHARD TLUSTEK | C38: tlustek.richard @xyz.com | D38: Male | E38: 1959
A40: 19 | B40: DR.EARNESTINE RAYNOR | C40: raynor.earnestine@xyz.org | D40: Female | E40: 1977
A42: 20 | B42: MR.JASON GAYLORD | C42: gaylord.jason@xyz.org | D42: Male | E42: 1976
A44: 21 | B44: MR.KENDRICK SAUER | C44: sauer.kendrick@xyz.org | D44: Male | E44: 1996
A46: 22 | B46: DR.ANNABELL OLSON | C46: olson.annabell@xyz.org | D46: Female | E46: 1964
A48: 23 | B48: DR.JENA UPTON | C48: upton.jena@xyz.org | D48: Female | E48: 1955
A50: 24 | B50: DR.SHANNY BINS | C50: bins.shanny@xyz.org | D50: Female | E50: 1999
A52: 25 | B52: DR.TIA ABSHIRE | C52: abshire.tia@xyz.org | D52: Female | E52: 1966
A54: 26 | B54: MS.ISABEL RUNOLFSDOTTIR | C54: runolfsdottir.isabel@xyz.org | D54: Female | E54: 1978
A56: 27 | B56: HR.BARNEY WESACK | C56: wesack.barney@xyz.com | D56: Male | E56: 1970
A58: 28 | B58: HR.BARUCH KADE | C58: kade.baruch@xyz.com | D58: Male | E58: 1982
... A96: 47 | B96: MWELISE ROTTEVEEL | C96: rotteveel.elise@xyz.com | D96: Female | E96: 1968
A98: 48 | B98: FRU.MIRJAM SODERBERG | C98: soderberg.mirjam@xyz.com | D98: Female | E98: 1997 | F98: SWEDEN | G98: Swedish | H98: Football
A100: 49 | B100: H.BERNDT PALSSON | C100: palsson.berndt@xyz.com | D100: Male | E100: 1987
A102: 50 | B102: SR.ADRIANO PONTES SOBRINHO | C102: sobrinho.adriano@xyz.com | D102: Male | E102: 1993

Sheet SPORTSMEN
A1: MEMBER ID | B1: FULL NAME | C1: PREFIX | D1: FIRSTNAME | E1: MIDDLENAME | F1: LASTNAME | G1: BIRTHDATE | H1: ZODIAC | I1: GENDER | J1: COUNTRYCODE | K1: COUNTRY NAME | L1: LANGUAGE | M1: EMAIL | N1: WEIGHT | O1: EYECOLOR | P1: BLOODTYPE | Q1: SPORT LOCATION | R1: SPORTS | S1: SALARY
A2: 1 | B2: =UPPER(_xlfn.CONCAT(C2, D2, " ",E2, " ",F2)) -> MS.ANNIE ABBOTT | C2: Ms. | D2: Annie | F2: Abbott | G2: 35699 | H2: Libra | I2: Female | J2: US | K2: =_xlfn.XLOOKUP($J2,LOCATION!$A$2:$M$2,LOCATION!$A$3:$M$3,"ok",0) -> USA | L2: =INDEX(LOCATION!$A$1:$M$1,1,MATCH($J2,LOCATION!$A$2:$M$2,0)) -> English | M2: =LOWER(_xlfn.CONCAT($F2,".",$D2,IF(L2="English","@xyz.org","@xyz.com"))) -> abbott.annie@xyz.org | N2: 94 | O2: Green | P2: A− | Q2: =INDEX(SPORT!$A$2:$A$33,MATCH(R2,SPORT!$B$2:$B$33,0)) -> INDOOR | R2: Cycling Track | S2: 80727
A3: 2 | B3: =UPPER(_xlfn.CONCAT(C3, D3, " ",E3, " ",F3)) -> MS.AURELIE LIESUCHKE | C3: Ms. | D3: Aurelie | F3: Liesuchke | G3: 33641 | H3: Aquarius | I3: Female | J3: US | K3: =_xlfn.XLOOKUP($J3,LOCATION!$A$2:$M$2,LOCATION!$A$3:$M$3,"ok",0) -> USA | L3: =INDEX(LOCATION!$A$1:$M$1,1,MATCH($J3,LOCATION!$A$2:$M$2,0)) -> English | M3: =LOWER(_xlfn.CONCAT($F3,".",$D3,IF(L3="English","@xyz.org","@xyz.com"))) -> liesuchke.aurelie@xyz.org | N3: 84.2 | O3: Brown | P3: O− | Q3: =INDEX(SPORT!$A$2:$A$33,MATCH(R3,SPORT!$B$2:$B$33,0)) -> INDOOR | R3: Boxing | S3: 87471
A4: 3 | B4: =UPPER(_xlfn.CONCAT(C4, D4, " ",E4, " ",F4)) -> SR.TOMAS FERREIRA FILHO | C4: Sr. | D4: Tomas | E4: Ferreira | F4: Filho | G4: 25394 | H4: Cancer | I4: Male | J4: BR | K4: =_xlfn.XLOOKUP($J4,LOCATION!$A$2:$M$2,LOCATION!$A$3:$M$3,"ok",0) -> BRAZIL | L4: =INDEX(LOCATION!$A$1:$M$1,1,MATCH($J4,LOCATION!$A$2:$M$2,0)) -> Portuguese | M4: =LOWER(_xlfn.CONCAT($F4,".",$D4,IF(L4="English","@xyz.org","@xyz.com"))) -> filho.tomas@xyz.com | N4: 52.9 | O4: Amber | P4: A− | Q4: =INDEX(SPORT!$A$2:$A$33,MATCH(R4,SPORT!$B$2:$B$33,0)) -> OUTDOOR | R4: Football | S4: 64724
A5: 4 | B5: =UPPER(_xlfn.CONCAT(C5, D5, " ",E5, " ",F5)) -> MS.DARBY CRUICKSHANK | C5: Ms. | D5: Darby | F5: Cruickshank | G5: 27532 | H5: Taurus | I5: Female | J5: US | K5: =_xlfn.XLOOKUP($J5,LOCATION!$A$2:$M$2,LOCATION!$A$3:$M$3,"ok",0) -> USA | L5: =INDEX(LOCATION!$A$1:$M$1,1,MATCH($J5,LOCATION!$A$2:$M$2,0)) -> English | M5: =LOWER(_xlfn.CONCAT($F5,".",$D5,IF(L5="English","@xyz.org","@xyz.com"))) -> cruickshank.darby@xyz.org | N5: 48.9 | O5: Green | P5: O− | Q5: =INDEX(SPORT!$A$2:$A$33,MATCH(R5,SPORT!$B$2:$B$33,0)) -> OUTDOOR | R5: Alpine Skiing | S5: 110823
A6: 5 | B6: =UPPER(_xlfn.CONCAT(C6, D6, " ",E6, " ",F6)) -> DR.JAYDON BORER | C6: Dr. | D6: Jaydon | F6: Borer | G6: 25706 | H6: Taurus | I6: Male | J6: US | K6: =_xlfn.XLOOKUP($J6,LOCATION!$A$2:$M$2,LOCATION!$A$3:$M$3,"ok",0) -> USA | L6: =INDEX(LOCATION!$A$1:$M$1,1,MATCH($J6,LOCATION!$A$2:$M$2,0)) -> English | M6: =LOWER(_xlfn.CONCAT($F6,".",$D6,IF(L6="English","@xyz.org","@xyz.com"))) -> borer.jaydon@xyz.org | N6: 84.8 | O6: Blue | P6: B− | Q6: =INDEX(SPORT!$A$2:$A$33,MATCH(R6,SPORT!$B$2:$B$33,0)) -> INDOOR | R6: Water Polo | S6: 56916
A7: 6 | B7: =UPPER(_xlfn.CONCAT(C7, D7, " ",E7, " ",F7)) -> MR.MORIAH LYNCH | C7: Mr. | D7: Moriah | F7: Lynch | G7: 33944 | H7: Sagittarius | I7: Male | J7: US | K7: =_xlfn.XLOOKUP($J7,LOCATION!$A$2:$M$2,LOCATION!$A$3:$M$3,"ok",0) -> USA | L7: =INDEX(LOCATION!$A$1:$M$1,1,MATCH($J7,LOCATION!$A$2:$M$2,0)) -> English | M7: =LOWER(_xlfn.CONCAT($F7,".",$D7,IF(L7="English","@xyz.org","@xyz.com"))) -> lynch.moriah @xyz.org | N7: 83.2 | O7: Blue | P7: O− | Q7: =INDEX(SPORT!$A$2:$A$33,MATCH(R7,SPORT!$B$2:$B$33,0)) -> INDOOR | R7: Fencing | S7: 51133
A8: 7 | B8: =UPPER(_xlfn.CONCAT(C8, D8, " ",E8, " ",F8)) -> MS.AMIYA EICHMANN | C8: Ms. | D8: Amiya | F8: Eichmann | G8: 36370 | H8: Leo | I8: Female | J8: US | K8: =_xlfn.XLOOKUP($J8,LOCATION!$A$2:$M$2,LOCATION!$A$3:$M$3,"ok",0) -> USA | L8: =INDEX(LOCATION!$A$1:$M$1,1,MATCH($J8,LOCATION!$A$2:$M$2,0)) -> English | M8: =LOWER(_xlfn.CONCAT($F8,".",$D8,IF(L8="English","@xyz.org","@xyz.com"))) -> eichmann.amiya@xyz.org | N8: 61.1 | O8: Blue | P8: B− | Q8: =INDEX(SPORT!$A$2:$A$33,MATCH(R8,SPORT!$B$2:$B$33,0)) -> OUTDOOR | R8: Cycling Road | S8: 65465
A9: 8 | B9: =UPPER(_xlfn.CONCAT(C9, D9, " ",E9, " ",F9)) -> MR.PIERCE RAU | C9: Mr. | D9: Pierce | F9: Rau | G9: 23141 | H9: Taurus | I9: Male | J9: US | K9: =_xlfn.XLOOKUP($J9,LOCATION!$A$2:$M$2,LOCATION!$A$3:$M$3,"ok",0) -> USA | L9: =INDEX(LOCATION!$A$1:$M$1,1,MATCH($J9,LOCATION!$A$2:$M$2,0)) -> English | M9: =LOWER(_xlfn.CONCAT($F9,".",$D9,IF(L9="English","@xyz.org","@xyz.com"))) -> rau.pierce@xyz.org | N9: 105.7 | O9: Amber | P9: A+ | Q9: =INDEX(SPORT!$A$2:$A$33,MATCH(R9,SPORT!$B$2:$B$33,0)) -> INDOOR | R9: Curling | S9: 109885
A10: 9 | B10: =UPPER(_xlfn.CONCAT(C10, D10, " ",E10, " ",F10)) -> MS.AMELIA STEVENS | C10: Ms. | D10: Amelia | F10: Stevens | G10: 25965 | H10: Aquarius | I10: Female | J10: GB | K10: =_xlfn.XLOOKUP($J10,LOCATION!$A$2:$M$2,LOCATION!$A$3:$M$3,"ok",0) -> UK | L10: =INDEX(LOCATION!$A$1:$M$1,1,MATCH($J10,LOCATION!$A$2:$M$2,0)) -> English | M10: =LOWER(_xlfn.CONCAT($F10,".",$D10,IF(L10="English","@xyz.org","@xyz.com"))) -> stevens.amelia@xyz.org | N10: 65.3 | O10: Blue | P10: A+ | Q10: =INDEX(SPORT!$A$2:$A$33,MATCH(R10,SPORT!$B$2:$B$33,0)) -> INDOOR | R10: Shooting | S10: 60061
A11: 10 | B11: =UPPER(_xlfn.CONCAT(C11, D11, " ",E11, " ",F11)) -> MR.TOBY SIMPSON | C11: Mr. | D11: Toby | F11: Simpson | G11: 23732 | H11: Sagittarius | I11: Male | J11: GB | K11: =_xlfn.XLOOKUP($J11,LOCATION!$A$2:$M$2,LOCATION!$A$3:$M$3,"ok",0) -> UK | L11: =INDEX(LOCATION!$A$1:$M$1,1,MATCH($J11,LOCATION!$A$2:$M$2,0)) -> English | M11: =LOWER(_xlfn.CONCAT($F11,".",$D11,IF(L11="English","@xyz.org","@xyz.com"))) -> simpson.toby@xyz.org | N11: 62.9 | O11: Amber | P11: O+ | Q11: =INDEX(SPORT!$A$2:$A$33,MATCH(R11,SPORT!$B$2:$B$33,0)) -> OUTDOOR | R11: Cycling Road | S11: 32758
A12: 11 | B12: =UPPER(_xlfn.CONCAT(C12, D12, " ",E12, " ",F12)) -> SIRETHAN MURPHY | C12: Sir | D12: Ethan | F12: Murphy | G12: 31733 | H12: Scorpio | I12: Male | J12: GB | K12: =_xlfn.XLOOKUP($J12,LOCATION!$A$2:$M$2,LOCATION!$A$3:$M$3,"ok",0) -> UK | L12: =INDEX(LOCATION!$A$1:$M$1,1,MATCH($J12,LOCATION!$A$2:$M$2,0)) -> English | M12: =LOWER(_xlfn.CONCAT($F12,".",$D12,IF(L12="English","@xyz.org","@xyz.com"))) -> murphy.ethan@xyz.org | N12: 104.3 | O12: Brown | P12: O+ | Q12: =INDEX(SPORT!$A$2:$A$33,MATCH(R12,SPORT!$B$2:$B$33,0)) -> OUTDOOR | R12: Freestyle Skiing | S12: 99613
A13: 12 | B13: =UPPER(_xlfn.CONCAT(C13, D13, " ",E13, " ",F13)) -> MRS.ASHLEY WOOD | C13: Mrs. | D13: Ashley | F13: Wood | G13: 28412 | H13: Libra | I13: Female | J13: GB | K13: =_xlfn.XLOOKUP($J13,LOCATION!$A$2:$M$2,LOCATION!$A$3:$M$3,"ok",0) -> UK | L13: =INDEX(LOCATION!$A$1:$M$1,1,MATCH($J13,LOCATION!$A$2:$M$2,0)) -> English | M13: =LOWER(_xlfn.CONCAT($F13,".",$D13,IF(L13="English","@xyz.org","@xyz.com"))) -> wood.ashley@xyz.org | N13: 100.7 | O13: Brown | P13: O+ | Q13: =INDEX(SPORT!$A$2:$A$33,MATCH(R13,SPORT!$B$2:$B$33,0)) -> OUTDOOR | R13: Archery | S13: 56595
A14: 13 | B14: =UPPER(_xlfn.CONCAT(C14, D14, " ",E14, " ",F14)) -> MS.MEGAN SCOTT | C14: Ms. | D14: Megan | F14: Scott | G14: 28168 | H14: Aquarius | I14: Female | J14: GB | K14: =_xlfn.XLOOKUP($J14,LOCATION!$A$2:$M$2,LOCATION!$A$3:$M$3,"ok",0) -> UK | L14: =INDEX(LOCATION!$A$1:$M$1,1,MATCH($J14,LOCATION!$A$2:$M$2,0)) -> English | M14: =LOWER(_xlfn.CONCAT($F14,".",$D14,IF(L14="English","@xyz.org","@xyz.com"))) -> scott.megan@xyz.org | N14: 70.9 | O14: Green | P14: A− | Q14: =INDEX(SPORT!$A$2:$A$33,MATCH(R14,SPORT!$B$2:$B$33,0)) -> OUTDOOR | R14: Rugby | S14: 117408
A15: 14 | B15: =UPPER(_xlfn.CONCAT(C15, D15, " ",E15, " ",F15)) -> HR.HELMUT WEINHAE | C15: Hr. | D15: Helmut | F15: Weinhae | G15: 21788 | H15: Virgo | I15: Male | J15: DE | K15: =_xlfn.XLOOKUP($J15,LOCATION!$A$2:$M$2,LOCATION!$A$3:$M$3,"ok",0) -> GERMANY | L15: =INDEX(LOCATION!$A$1:$M$1,1,MATCH($J15,LOCATION!$A$2:$M$2,0)) -> German | M15: =LOWER(_xlfn.CONCAT($F15,".",$D15,IF(L15="English","@xyz.org","@xyz.com"))) -> weinhae.helmut@xyz.com | N15: 68.3 | O15: Gray | P15: A+ | Q15: =INDEX(SPORT!$A$2:$A$33,MATCH(R15,SPORT!$B$2:$B$33,0)) -> OUTDOOR | R15: Canoe Sprint | S15: 64862
A16: 15 | B16: =UPPER(_xlfn.CONCAT(C16, D16, " ",E16, " ",F16)) -> PROF.MILENA SCHOTIN | C16: Prof. | D16: Milena | F16: Schotin | G16: 23804 | H16: Pisces | I16: Female | J16: DE | K16: =_xlfn.XLOOKUP($J16,LOCATION!$A$2:$M$2,LOCATION!$A$3:$M$3,"ok",0) -> GERMANY | L16: =INDEX(LOCATION!$A$1:$M$1,1,MATCH($J16,LOCATION!$A$2:$M$2,0)) -> German | M16: =LOWER(_xlfn.CONCAT($F16,".",$D16,IF(L16="English","@xyz.org","@xyz.com"))) -> schotin.milena@xyz.com | N16: 105.3 | O16: Gray | P16: O+ | Q16: =INDEX(SPORT!$A$2:$A$33,MATCH(R16,SPORT!$B$2:$B$33,0)) -> INDOOR | R16: Cycling BMX | S16: 10241
... A39: 38 | B39: =UPPER(_xlfn.CONCAT(C39, D39, " ",E39, " ",F39)) -> M.BERNARD HOARAU-GUYON | C39: M. | D39: Bernard | F39: Hoarau-Guyon | G39: 30327 | H39: Capricorn | I39: Male | J39: FR | K39: =_xlfn.XLOOKUP($J39,LOCATION!$A$2:$M$2,LOCATION!$A$3:$M$3,"ok",0) -> FRANCE | L39: =INDEX(LOCATION!$A$1:$M$1,1,MATCH($J39,LOCATION!$A$2:$M$2,0)) -> French | M39: =LOWER(_xlfn.CONCAT($F39,".",$D39,IF(L39="English","@xyz.org","@xyz.com"))) -> hoarau-guyon.bernard@xyz.com | N39: 59.7 | O39: Gray | P39: O− | Q39: =INDEX(SPORT!$A$2:$A$33,MATCH(R39,SPORT!$B$2:$B$33,0)) -> INDOOR | R39: Cycling Track | S39: 71352
A40: 39 | B40: =UPPER(_xlfn.CONCAT(C40, D40, " ",E40, " ",F40)) -> SR.HIDALGO CANTU TERCERO | C40: Sr. | D40: Hidalgo | E40: Cantu | F40: Tercero | G40: 31016 | H40: Sagittarius | I40: Male | J40: AG | K40: =_xlfn.XLOOKUP($J40,LOCATION!$A$2:$M$2,LOCATION!$A$3:$M$3,"ok",0) -> ARGENTINA | L40: =INDEX(LOCATION!$A$1:$M$1,1,MATCH($J40,LOCATION!$A$2:$M$2,0)) -> Spanish | M40: =LOWER(_xlfn.CONCAT($F40,".",$D40,IF(L40="English","@xyz.org","@xyz.com"))) -> tercero.hidalgo@xyz.com | N40: 77.7 | O40: Gray | P40: B− | Q40: =INDEX(SPORT!$A$2:$A$33,MATCH(R40,SPORT!$B$2:$B$33,0)) -> OUTDOOR | R40: Canoe Slalom | S40: 116376
A41: 40 | B41: =UPPER(_xlfn.CONCAT(C41, D41, " ",E41, " ",F41)) -> SR.HADALGO POLANCO | C41: Sr. | D41: Hadalgo | F41: Polanco | G41: 32314 | H41: Gemini | I41: Male | J41: AG | K41: =_xlfn.XLOOKUP($J41,LOCATION!$A$2:$M$2,LOCATION!$A$3:$M$3,"ok",0) -> ARGENTINA | L41: =INDEX(LOCATION!$A$1:$M$1,1,MATCH($J41,LOCATION!$A$2:$M$2,0)) -> Spanish | M41: =LOWER(_xlfn.CONCAT($F41,".",$D41,IF(L41="English","@xyz.org","@xyz.com"))) -> polanco.hadalgo@xyz.com | N41: 98 | O41: Blue | P41: A− | Q41: =INDEX(SPORT!$A$2:$A$33,MATCH(R41,SPORT!$B$2:$B$33,0)) -> OUTDOOR | R41: Beach Volleyball | S41: 114144
A42: 41 | B42: =UPPER(_xlfn.CONCAT(C42, D42, " ",E42, " ",F42)) -> SRA.LAURA OLIVIERA | C42: Sra. | D42: Laura | F42: Oliviera | G42: 27076 | H42: Aquarius | I42: Female | J42: AG | K42: =_xlfn.XLOOKUP($J42,LOCATION!$A$2:$M$2,LOCATION!$A$3:$M$3,"ok",0) -> ARGENTINA | L42: =INDEX(LOCATION!$A$1:$M$1,1,MATCH($J42,LOCATION!$A$2:$M$2,0)) -> Spanish | M42: =LOWER(_xlfn.CONCAT($F42,".",$D42,IF(L42="English","@xyz.org","@xyz.com"))) -> oliviera.laura@xyz.com | N42: 51.9 | O42: Amber | P42: O− | Q42: =INDEX(SPORT!$A$2:$A$33,MATCH(R42,SPORT!$B$2:$B$33,0)) -> OUTDOOR | R42: Athletics | S42: 79872
A43: 42 | B43: =UPPER(_xlfn.CONCAT(C43, D43, " ",E43, " ",F43)) -> SRA.AINHOA GARZA | C43: Sra. | D43: Ainhoa | F43: Garza | G43: 32941 | H43: Pisces | I43: Female | J43: ES | K43: =_xlfn.XLOOKUP($J43,LOCATION!$A$2:$M$2,LOCATION!$A$3:$M$3,"ok",0) -> SPAIN | L43: =INDEX(LOCATION!$A$1:$M$1,1,MATCH($J43,LOCATION!$A$2:$M$2,0)) -> Spanish | M43: =LOWER(_xlfn.CONCAT($F43,".",$D43,IF(L43="English","@xyz.org","@xyz.com"))) -> garza.ainhoa@xyz.com | N43: 55.6 | O43: Brown | P43: O+ | Q43: =INDEX(SPORT!$A$2:$A$33,MATCH(R43,SPORT!$B$2:$B$33,0)) -> INDOOR | R43: Gymnastics Artistic | S43: 101969
A44: 43 | B44: =UPPER(_xlfn.CONCAT(C44, D44, " ",E44, " ",F44)) -> SRA.ISABEL BANDA | C44: Sra. | D44: Isabel | F44: Banda | G44: 21927 | H44: Capricorn | I44: Female | J44: ES | K44: =_xlfn.XLOOKUP($J44,LOCATION!$A$2:$M$2,LOCATION!$A$3:$M$3,"ok",0) -> SPAIN | L44: =INDEX(LOCATION!$A$1:$M$1,1,MATCH($J44,LOCATION!$A$2:$M$2,0)) -> Spanish | M44: =LOWER(_xlfn.CONCAT($F44,".",$D44,IF(L44="English","@xyz.org","@xyz.com"))) -> banda.isabel@xyz.com | N44: 102.3 | O44: Amber | P44: O+ | Q44: =INDEX(SPORT!$A$2:$A$33,MATCH(R44,SPORT!$B$2:$B$33,0)) -> OUTDOOR | R44: Canoe Slalom | S44: 50659
A45: 44 | B45: =UPPER(_xlfn.CONCAT(C45, D45, " ",E45, " ",F45)) -> SRA.CAROLOTA MATEOS | C45: Sra. | D45: Carolota | F45: Mateos | G45: 23952 | H45: Leo | I45: Female | J45: ES | K45: =_xlfn.XLOOKUP($J45,LOCATION!$A$2:$M$2,LOCATION!$A$3:$M$3,"ok",0) -> SPAIN | L45: =INDEX(LOCATION!$A$1:$M$1,1,MATCH($J45,LOCATION!$A$2:$M$2,0)) -> Spanish | M45: =LOWER(_xlfn.CONCAT($F45,".",$D45,IF(L45="English","@xyz.org","@xyz.com"))) -> mateos.carolota@xyz.com | N45: 58.8 | O45: Gray | P45: O− | Q45: =INDEX(SPORT!$A$2:$A$33,MATCH(R45,SPORT!$B$2:$B$33,0)) -> OUTDOOR | R45: Athletics | S45: 58215
A46: 45 | B46: =UPPER(_xlfn.CONCAT(C46, D46, " ",E46, " ",F46)) -> MW.ELIZE PRINS | C46: Mw. | D46: Elize | F46: Prins | G46: 22044 | H46: Taurus | I46: Female | J46: DU | K46: =_xlfn.XLOOKUP($J46,LOCATION!$A$2:$M$2,LOCATION!$A$3:$M$3,"ok",0) -> NETHERLANDS | L46: =INDEX(LOCATION!$A$1:$M$1,1,MATCH($J46,LOCATION!$A$2:$M$2,0)) -> Dutch | M46: =LOWER(_xlfn.CONCAT($F46,".",$D46,IF(L46="English","@xyz.org","@xyz.com"))) -> prins.elize@xyz.com | N46: 63.8 | O46: Blue | P46: O+ | Q46: =INDEX(SPORT!$A$2:$A$33,MATCH(R46,SPORT!$B$2:$B$33,0)) -> INDOOR | R46: Judo | S46: 39935
A47: 46 | B47: =UPPER(_xlfn.CONCAT(C47, D47, " ",E47, " ",F47)) -> DHR.RYAN PHAM | C47: dhr. | D47: Ryan | F47: Pham | G47: 26940 | H47: Libra | I47: Male | J47: DU | K47: =_xlfn.XLOOKUP($J47,LOCATION!$A$2:$M$2,LOCATION!$A$3:$M$3,"ok",0) -> NETHERLANDS | L47: =INDEX(LOCATION!$A$1:$M$1,1,MATCH($J47,LOCATION!$A$2:$M$2,0)) -> Dutch | M47: =LOWER(_xlfn.CONCAT($F47,".",$D47,IF(L47="English","@xyz.org","@xyz.com"))) -> pham.ryan@xyz.com | N47: 98.6 | O47: Amber | P47: B+ | Q47: =INDEX(SPORT!$A$2:$A$33,MATCH(R47,SPORT!$B$2:$B$33,0)) -> OUTDOOR | R47: Beach Volleyball | S47: 44865
A48: 47 | B48: =UPPER(_xlfn.CONCAT(C48, D48, " ",E48, " ",F48)) -> MWELISE ROTTEVEEL | C48: Mw | D48: Elise | F48: Rotteveel | G48: 24936 | H48: Aries | I48: Female | J48: DU | K48: =_xlfn.XLOOKUP($J48,LOCATION!$A$2:$M$2,LOCATION!$A$3:$M$3,"ok",0) -> NETHERLANDS | L48: =INDEX(LOCATION!$A$1:$M$1,1,MATCH($J48,LOCATION!$A$2:$M$2,0)) -> Dutch | M48: =LOWER(_xlfn.CONCAT($F48,".",$D48,IF(L48="English","@xyz.org","@xyz.com"))) -> rotteveel.elise@xyz.com | N48: 61.8 | O48: Gray | P48: O− | Q48: =INDEX(SPORT!$A$2:$A$33,MATCH(R48,SPORT!$B$2:$B$33,0)) -> OUTDOOR | R48: Beach Volleyball | S48: 90478
A49: 48 | B49: =UPPER(_xlfn.CONCAT(C49, D49, " ",E49, " ",F49)) -> FRU.MIRJAM SODERBERG | C49: Fru. | D49: Mirjam | F49: Soderberg | G49: 35567 | H49: Taurus | I49: Female | J49: SV | K49: =_xlfn.XLOOKUP($J49,LOCATION!$A$2:$M$2,LOCATION!$A$3:$M$3,"ok",0) -> SWEDEN | L49: =INDEX(LOCATION!$A$1:$M$1,1,MATCH($J49,LOCATION!$A$2:$M$2,0)) -> Swedish | M49: =LOWER(_xlfn.CONCAT($F49,".",$D49,IF(L49="English","@xyz.org","@xyz.com"))) -> soderberg.mirjam@xyz.com | N49: 50 | O49: Amber | P49: O+ | Q49: =INDEX(SPORT!$A$2:$A$33,MATCH(R49,SPORT!$B$2:$B$33,0)) -> OUTDOOR | R49: Football | S49: 38965
A50: 49 | B50: =UPPER(_xlfn.CONCAT(C50, D50, " ",E50, " ",F50)) -> H.BERNDT PALSSON | C50: H. | D50: Berndt | F50: Palsson | G50: 31832 | H50: Pisces | I50: Male | J50: SV | K50: =_xlfn.XLOOKUP($J50,LOCATION!$A$2:$M$2,LOCATION!$A$3:$M$3,"ok",0) -> SWEDEN | L50: =INDEX(LOCATION!$A$1:$M$1,1,MATCH($J50,LOCATION!$A$2:$M$2,0)) -> Swedish | M50: =LOWER(_xlfn.CONCAT($F50,".",$D50,IF(L50="English","@xyz.org","@xyz.com"))) -> palsson.berndt@xyz.com | N50: 45.9 | O50: Blue | P50: A− | Q50: =INDEX(SPORT!$A$2:$A$33,MATCH(R50,SPORT!$B$2:$B$33,0)) -> OUTDOOR | R50: Biathlon | S50: 35387
A51: 50 | B51: =UPPER(_xlfn.CONCAT(C51, D51, " ",E51, " ",F51)) -> SR.ADRIANO PONTES SOBRINHO | C51: Sr. | D51: Adriano | E51: Pontes | F51: Sobrinho | G51: 34178 | H51: Leo | I51: Male | J51: PR | K51: =_xlfn.XLOOKUP($J51,LOCATION!$A$2:$M$2,LOCATION!$A$3:$M$3,"ok",0) -> BRAZIL | L51: =INDEX(LOCATION!$A$1:$M$1,1,MATCH($J51,LOCATION!$A$2:$M$2,0)) -> Portuguese | M51: =LOWER(_xlfn.CONCAT($F51,".",$D51,IF(L51="English","@xyz.org","@xyz.com"))) -> sobrinho.adriano@xyz.com | N51: 92.5 | O51: Green | P51: A+ | Q51: =INDEX(SPORT!$A$2:$A$33,MATCH(R51,SPORT!$B$2:$B$33,0)) -> INDOOR | R51: Swimming | S51: 20532

Sheet SPORT
A1: SPORTS LOCATION | B1: SPORTS
A2: INDOOR | B2: Cycling Track
A3: INDOOR | B3: Boxing
A4: OUTDOOR | B4: Football
A5: OUTDOOR | B5: Alpine Skiing
A6: INDOOR | B6: Water Polo
A7: INDOOR | B7: Fencing
A8: OUTDOOR | B8: Cycling Road
A9: INDOOR | B9: Curling
A10: INDOOR | B10: Shooting
A11: OUTDOOR | B11: Freestyle Skiing
A12: OUTDOOR | B12: Archery
... A33: INDOOR | B33: Swimming

Sheet LOCATION
A1: LANGUAGE | B1: English | C1: Portuguese | D1: English | E1: German | F1: English | G1: German | H1: French | I1: Spanish | J1: Spanish | K1: Dutch | L1: Swedish | M1: Portuguese
A2: COUNTRYCODE | B2: US | C2: BR | D2: GB | E2: DE | F2: OZ | G2: AU | H2: FR | I2: AG | J2: ES | K2: DU | L2: SV | M2: PR
A3: COUNTRY NAME | B3: USA | C3: BRAZIL | D3: UK | E3: GERMANY | F3: AUSTRALIA | G3: AUSTRIA | H3: FRANCE | I3: ARGENTINA | J3: SPAIN | K3: NETHERLANDS | L3: SWEDEN | M3: BRAZIL
